{
  "summary": {},
  "checks": [
    {
      "id": "auth_pages",
      "desc": "Registration and Login pages present",
      "pass": true,
      "details": "login.html present: True, register.html present: True"
    },
    {
      "id": "auth_backend",
      "desc": "Backend user register/login endpoints exist",
      "pass": true,
      "details": "users route contains /login and /register: True"
    },
    {
      "id": "secure_password",
      "desc": "Password hashing exists in backend (bcrypt)",
      "pass": true,
      "details": "bcrypt present: True"
    },
    {
      "id": "job_search_front",
      "desc": "Job search UI with filters (title, location, type) in frontend",
      "pass": true,
      "details": "index contains search inputs or script handles query: True"
    },
    {
      "id": "job_list_api",
      "desc": "Backend API to list/search jobs ('/api/jobs')",
      "pass": true,
      "details": "jobs route get exists: True"
    },
    {
      "id": "job_post_front",
      "desc": "Employer 'Add Job' form present in frontend",
      "pass": true,
      "details": "addjob.html present or employer contains add job form: True"
    },
    {
      "id": "job_post_api",
      "desc": "Backend API to create job ('POST /api/jobs')",
      "pass": true,
      "details": "jobs create route present: True"
    },
    {
      "id": "apply_front",
      "desc": "Apply form present and has resume file input",
      "pass": true,
      "details": "apply.html file input present: True"
    },
    {
      "id": "apply_api",
      "desc": "Backend apply endpoint ('POST /api/jobs/:id/apply')",
      "pass": true,
      "details": "apply route present: True"
    },
    {
      "id": "resume_upload",
      "desc": "Uploads directory exists and multer upload code present",
      "pass": true,
      "details": "uploads dir exists: True, files count: 0"
    },
    {
      "id": "user_dashboard",
      "desc": "User dashboard page exists and shows applied jobs",
      "pass": true,
      "details": "user dashboard file exists: True"
    },
    {
      "id": "employer_dashboard",
      "desc": "Employer dashboard exists and shows posted jobs / applicants",
      "pass": true,
      "details": "employer.html exists: True"
    },
    {
      "id": "applications_reflect",
      "desc": "Applying a job updates both dashboards (frontend hooks / socket emits present)",
      "pass": true,
      "details": "emit or listener present: True"
    },
    {
      "id": "notifications_socket",
      "desc": "Socket.IO present on backend and frontend (real-time notifications)",
      "pass": true,
      "details": "server socket and script client present: True"
    },
    {
      "id": "profile_mgmt",
      "desc": "Profile management UI and backend endpoint exist",
      "pass": false,
      "details": "profile UI and backend endpoint present: False",
      "suggestion": "Add profile.html and /api/users/me endpoints to update and fetch profile."
    },
    {
      "id": "resume_access",
      "desc": "Resume link is accessible from employer dashboard (resumeUrl used)",
      "pass": true,
      "details": "resumeUrl or Resume link present in frontend: True"
    },
    {
      "id": "nav_render",
      "desc": "Navigation bar renders role-specific items per PDF",
      "pass": true,
      "details": "renderNav or nav markup present: True"
    },
    {
      "id": "api_base",
      "desc": "Frontend API base configured for deployment ('/api' or configured)",
      "pass": true,
      "details": "API base configured: True"
    }
  ]
}